{
    "cat_1": {
        "id": 5,
        "pose": [
            6.6827826499938965,
            1.3895858526229858,
            2.992263078689575
        ]
    },
    "cat_2": {
        "id": 6,
        "pose": [
            6.572614669799805,
            0.6899883151054382,
            -3.070056200027466
        ]
    },
    "cat_3": {
        "id": 7,
        "pose": [
            5.847153663635254,
            0.0702533945441246,
            2.710439920425415
        ]
    },
    "cat_4": {
        "id": 7,
        "pose": [
            5.847153663635254,
            0.0702533945441246,
            2.710439920425415
        ]
    },
    "cat_5": {
        "id": 9,
        "pose": [
            1.9993205070495605,
            -2.1179049015045166,
            1.3499716520309448
        ]
    },
    "cat_6": {
        "id": 8,
        "pose": [
            4.141765594482422,
            -0.9878581762313843,
            2.6953437328338623
        ]
    },
    "cat_7": {
        "id": 8,
        "pose": [
            4.141765594482422,
            -0.9878581762313843,
            2.6953437328338623
        ]
    },
    "region_start": {
        "id": 21,
        "pose": [
            1.141513705253601,
            -1.6250978708267212,
            1.4629899263381958
        ]
    },
    "home": {
        "id": 1,
        "pose": [
            3.603512763977051,
            0.6476401686668396,
            -2.519721508026123
        ]
    }
}