{
    "start": {
        "id": 1,
        "pose": [
            2.805983781814575,
            2.153404951095581,
            -2.5552616119384766
        ]
    },
    "target_1": {
        "id": 101,
        "pose": [
            1.5674099922180176,
            -1.4190776348114014,
            1.7827723026275635
        ]
    },
    "target_2": {
        "id": 102,
        "pose": [
            13.686964988708496,
            -2.7568955421447754,
            -2.282106637954712
        ]
    },
    "target_3": {
        "id": 103,
        "pose": [
            21.202762603759766,
            -6.7189531326293945,
            -2.4633560180664062
        ]
    },
    "target_4": {
        "id": 104,
        "pose": [
            29.728879928588867,
            -10.375425338745117,
            -2.655595064163208
        ]
    },
    "target_5": {
        "id": 105,
        "pose": [
            33.37004852294922,
            -17.965396881103516,
            2.1673929691314697
        ]
    },
    "target_6": {
        "id": 106,
        "pose": [
            34.23054122924805,
            -14.158663749694824,
            -2.899240016937256
        ]
    }
}